construction,beta,spread_std_bp,adf_pvalue,half_life_days,is_dv01_neutral
raw_1to1,1.0,19.770377052432863,2.1518070664662488e-06,10.051065245021917,False
ols_beta,0.9859790023461633,19.574017102583163,2.14816249232735e-06,10.034757594338668,False
dv01_neutral,0.5999520038396928,78.98928473728465,0.7409617086027945,276.82679222387117,True
